x,y,rr
6.46887,45.24935,293.90000000000003
6.48155,45.248329999999996,263.2
6.49423,45.24731,217.7
6.35332,45.24945,284.09999999999997
6.366,45.24845,300.4000000000001
6.37868,45.24745,311.5
6.39136,45.24645,306.0
6.40404,45.24544,299.3
6.41672,45.244440000000004,266.09999999999997
6.4294,45.24343,360.8
6.442080000000001,45.24242,334.8
6.45476,45.241409999999995,269.4
6.46743,45.240390000000005,249.40000000000003
6.48011,45.23938,237.69999999999996
6.49279,45.23836,230.09999999999994
6.23776,45.249390000000005,364.09999999999985
6.25044,45.2484,346.29999999999995
6.26313,45.24742,328.49999999999994
6.27581,45.24644,309.79999999999995
6.2885,45.24545,318.4
6.3011800000000004,45.24446,318.59999999999997
6.31386,45.24347,285.40000000000003
6.3265400000000005,45.24248,288.09999999999997
6.33922,45.24149,345.30000000000007
6.3519,45.24049,367.99999999999994
6.36458,45.23949,389.30000000000007
6.37726,45.238490000000006,286.7
6.38994,45.23749,340.99999999999994
6.40262,45.23649,349.8
6.4153,45.235479999999995,278.9
6.427969999999999,45.23447,281.9999999999999
6.44065,45.23346,277.99999999999994
6.45332,45.23245,249.6
6.466,45.23144,291.70000000000005
6.47867,45.23042,252.1
6.49134,45.2294,146.30000000000004
6.1222,45.249159999999996,237.09999999999997
6.13489,45.24819,239.79999999999993
6.1475800000000005,45.24723,264.20000000000005
6.16027,45.24626,363.0
6.17295,45.2453,418.99999999999983
6.18564,45.24433,437.7
6.19832,45.24335,408.59999999999985
6.21101,45.24238,407.00000000000006
6.22369,45.2414,375.1999999999999
6.23637,45.24042,355.9999999999999
6.24906,45.23944,333.1
6.2617400000000005,45.238459999999996,314.3999999999999
6.27442,45.23748,299.19999999999993
6.2871,45.23649,288.7
6.29978,45.2355,281.09999999999997
6.31246,45.23451,295.8999999999999
6.32514,45.23352,305.49999999999994
6.33782,45.23253,335.7
6.35049,45.23153,386.5
6.363169999999999,45.23053,377.69999999999993
6.37585,45.22953,396.8000000000001
6.38852,45.22853,308.09999999999997
6.4012,45.22753,314.09999999999997
6.413869999999999,45.22652,317.4
6.42654,45.22552,249.1
6.43922,45.224509999999995,272.7
6.451890000000001,45.223490000000005,264.40000000000003
6.46456,45.22248,260.7
6.4772300000000005,45.22146,183.5
6.4899,45.22045,83.30000000000001
6.00665,45.24876,377.19999999999993
6.019340000000001,45.247820000000004,247.50000000000006
6.032030000000001,45.24687,194.3
6.04472,45.24593,151.69999999999996
6.05741,45.24498,120.5
6.0701,45.24402,233.59999999999997
6.0827800000000005,45.24307,254.4
6.09547,45.24211,227.3
6.10816,45.24115,218.00000000000006
6.12084,45.240190000000005,222.29999999999998
6.13353,45.23923,255.7
6.14621,45.23827,316.7
6.1589,45.2373,414.2
6.1715800000000005,45.23633,419.8
6.18426,45.23536,429.2999999999999
6.19695,45.234390000000005,410.7000000000001
6.209630000000001,45.23342,382.6
6.22231,45.232440000000004,371.50000000000006
6.23499,45.23147,363.0000000000001
6.247669999999999,45.23049,305.2
6.26035,45.2295,303.9
6.27302,45.22852,305.7
6.2857,45.22753,283.09999999999997
6.29838,45.22655,295.8999999999999
6.3110599999999994,45.225559999999994,299.99999999999994
6.32373,45.22456,342.90000000000003
6.33641,45.22357,346.0000000000001
6.349080000000001,45.22258,365.00000000000006
6.361759999999999,45.221579999999996,372.0000000000001
6.37443,45.22058,325.79999999999995
6.3871,45.21958,335.5
6.399769999999999,45.21857,339.49999999999994
6.41245,45.21757,254.79999999999995
6.42512,45.21656,248.59999999999997
6.437790000000001,45.21555,235.09999999999997
6.45046,45.21454,247.49999999999997
6.4631300000000005,45.21353,226.10000000000005
6.47579,45.212509999999995,252.89999999999995
6.48846,45.211490000000005,190.09999999999997
6.005319999999999,45.2398,360.4
6.018,45.238859999999995,359.3
6.03069,45.23791,332.00000000000006
6.04338,45.236959999999996,268.5
6.0560599999999996,45.23601,228.89999999999995
6.06875,45.23506,164.6
6.08143,45.23411,219.09999999999997
6.094119999999999,45.23315,168.9
6.1068,45.23219,196.59999999999997
6.11948,45.23123,231.89999999999998
6.1321699999999995,45.230270000000004,300.99999999999994
6.14485,45.22931,344.1
6.15753,45.22834,391.1
6.17021,45.22737,398.6
6.18289,45.2264,283.49999999999994
6.19557,45.225429999999996,403.50000000000006
6.20825,45.22446,375.0
6.22093,45.22348,359.00000000000006
6.2336,45.22251,355.1000000000001
6.2462800000000005,45.22153,333.0
6.25896,45.22054,286.5999999999999
6.27163,45.219559999999994,249.50000000000003
6.28431,45.218579999999996,323.4999999999999
6.2969800000000005,45.21759,265.4
6.30965,45.2166,299.40000000000003
6.32233,45.21561,336.69999999999993
6.335,45.21461,340.2
6.34767,45.21362,348.50000000000006
6.36034,45.21262,379.6000000000001
6.37301,45.21162,365.80000000000007
6.385680000000001,45.21062,347.9
6.39835,45.20962,271.79999999999995
6.41102,45.20861,256.00000000000006
6.423690000000001,45.2076,240.6
6.43636,45.2066,201.2
6.4490300000000005,45.20558,201.4
6.46169,45.204570000000004,210.70000000000002
6.47436,45.203559999999996,254.7999999999999
6.487019999999999,45.20254,184.39999999999998
6.49969,45.20152,201.20000000000002
6.00398,45.23084,355.1000000000001
6.0166699999999995,45.229890000000005,329.9
6.02935,45.22895,338.29999999999995
6.0420300000000005,45.228,268.9
6.05472,45.22705,267.6
6.0674,45.2261,211.8
6.080080000000001,45.22514,251.70000000000002
6.09276,45.22419,234.4
6.10544,45.22323,217.19999999999996
6.118119999999999,45.22227,270.1
6.1308,45.221309999999995,358.8
6.14348,45.22035,412.20000000000005
6.15616,45.21938,392.80000000000007
6.16884,45.21841,361.4999999999999
6.18152,45.21744,268.09999999999997
6.19419,45.21647,252.8000000000001
6.206869999999999,45.2155,299.5
6.21954,45.21452,342.09999999999997
6.23222,45.21355,338.59999999999997
6.24489,45.21257,337.9
6.257569999999999,45.21159,329.4
6.27024,45.2106,316.2
6.28291,45.20962,250.49999999999991
6.29558,45.20863,258.79999999999995
6.30825,45.207640000000005,295.5
6.32092,45.20665,313.50000000000006
6.33359,45.205659999999995,335.49999999999994
6.34626,45.20466,336.40000000000003
6.35893,45.20367,347.7000000000001
6.3716,45.20267,352.50000000000006
6.38427,45.20167,299.30000000000007
6.39693,45.20066,275.2
6.4096,45.199659999999994,219.8
6.42226,45.19865,210.49999999999994
6.4349300000000005,45.19764,234.9
6.44759,45.19663,219.8
6.46026,45.19562,258.4999999999999
6.472919999999999,45.1946,223.00000000000003
6.485580000000001,45.19359,281.5999999999999
6.49824,45.19257,319.9
6.00265,45.22187,275.3
6.0153300000000005,45.220929999999996,254.1
6.02801,45.21998,244.8
6.040690000000001,45.21904,226.5
6.05337,45.218090000000004,247.0
6.06605,45.21714,241.59999999999994
6.07873,45.21618,256.69999999999993
6.09141,45.21523,274.20000000000005
6.10409,45.21427,247.59999999999997
6.11677,45.21331,284.3
6.12944,45.21235,388.1
6.142119999999999,45.21139,425.7000000000001
6.15479,45.21042,382.7
6.16747,45.20945,260.50000000000006
6.18014,45.20848,257.49999999999994
6.192819999999999,45.20751,248.89999999999998
6.20549,45.206540000000004,309.1000000000001
6.21816,45.20557,320.7
6.23083,45.20459,299.8999999999999
6.24351,45.20361,302.09999999999997
6.2561800000000005,45.20263,293.20000000000005
6.26885,45.20165,338.99999999999994
6.2815199999999995,45.20066,320.3999999999999
6.29419,45.199670000000005,259.09999999999997
6.30685,45.198679999999996,310.7000000000001
6.31952,45.19769,330.50000000000006
6.33219,45.1967,333.29999999999995
6.34485,45.19571,332.90000000000003
6.35752,45.19471,369.60000000000025
6.37019,45.193709999999996,311.6
6.38285,45.19271,260.4
6.39551,45.19171,209.19999999999996
6.408180000000001,45.1907,203.40000000000003
6.42084,45.1897,208.79999999999995
6.4335,45.18869,195.89999999999998
6.44616,45.18768,218.59999999999994
6.458819999999999,45.186659999999996,237.89999999999995
6.471480000000001,45.18565,275.6
6.48414,45.18463,256.8999999999998
6.4968,45.183609999999994,290.7
6.00131,45.21291,276.19999999999993
6.01399,45.21197,274.19999999999993
6.026669999999999,45.21102,275.69999999999993
6.03935,45.21007,275.2999999999999
6.05203,45.20913,284.7
6.06471,45.20817,249.6
6.077380000000001,45.20722,262.5999999999999
6.09006,45.20627,267.5
6.10273,45.20531,281.29999999999995
6.11541,45.20435,315.6
6.128080000000001,45.20339,418.0000000000001
6.14075,45.20243,395.49999999999994
6.15343,45.20146,235.6
6.1661,45.20049,228.8000000000001
6.17877,45.199529999999996,240.60000000000002
6.19144,45.19856,236.6
6.20411,45.19758,303.29999999999995
6.21678,45.19661,330.4
6.22945,45.19563,331.19999999999993
6.24212,45.19465,328.2
6.25479,45.193670000000004,309.3
6.26746,45.19269,292.1
6.28012,45.1917,276.29999999999995
6.29279,45.19072,273.7
6.30545,45.18973,323.4
6.3181199999999995,45.18874,285.0000000000001
6.33078,45.18775,308.7
6.34345,45.18675,316.5
6.35611,45.18575,316.59999999999997
6.36877,45.18476,344.90000000000003
6.38143,45.18376,261.2
6.39409,45.18275,258.4
6.40675,45.18175,285.8
6.41941,45.18074,195.69999999999993
6.4320699999999995,45.17973,233.29999999999998
6.44473,45.17872,260.19999999999993
6.45739,45.17771,262.29999999999995
6.47005,45.1767,239.90000000000003
6.4827,45.17568,257.7999999999999
6.49536,45.174659999999996,283.49999999999983
6.0126599999999994,45.20301,254.60000000000002
6.02533,45.202059999999996,267.6
6.03801,45.20111,295.7
6.050680000000001,45.20016,244.1
6.063359999999999,45.19921,263.09999999999997
6.07603,45.19826,268.70000000000005
6.08871,45.197309999999995,286.59999999999997
6.101380000000001,45.19635,269.09999999999997
6.11405,45.19539,281.09999999999997
6.12672,45.19443,397.99999999999983
6.139390000000001,45.19347,356.80000000000007
6.15206,45.1925,265.80000000000007
6.1647300000000005,45.19154,234.00000000000006
6.1774,45.19057,237.40000000000003
6.1900699999999995,45.1896,226.49999999999994
6.20274,45.18862,223.7
6.2154,45.18765,297.8
6.22807,45.18667,311.0999999999999
6.24073,45.1857,293.49999999999994
6.2534,45.184709999999995,292.59999999999997
6.2660599999999995,45.18373,315.6
6.27873,45.18275,272.19999999999993
6.29139,45.18176,295.99999999999994
6.30405,45.18077,297.8999999999999
6.31672,45.17978,306.5999999999999
6.3293800000000005,45.17879,313.99999999999994
6.34204,45.1778,267.40000000000003
6.3547,45.1768,253.6
6.36736,45.1758,295.30000000000007
6.38002,45.1748,291.0
6.39268,45.1738,272.49999999999994
6.40533,45.1728,199.29999999999995
6.4179900000000005,45.17179,201.39999999999998
6.43065,45.17078,176.19999999999996
6.4433,45.16977,234.90000000000003
6.45596,45.16876,250.09999999999997
6.46861,45.16775,217.99999999999991
6.481269999999999,45.16673,239.79999999999995
6.49392,45.16571,194.09999999999994
6.0113199999999996,45.19404,250.6
6.024,45.1931,277.4
6.03667,45.19215,325.3
6.04934,45.1912,301.70000000000005
6.06201,45.19025,266.0
6.07468,45.1893,277.9
6.08735,45.18835,284.4
6.10002,45.18739,298.4
6.11269,45.18643,372.4000000000001
6.12536,45.18547,386.2
6.1380300000000005,45.184509999999996,364.5999999999999
6.1507,45.18354,236.7
6.16336,45.18258,238.20000000000002
6.17603,45.18161,239.19999999999996
6.18869,45.180640000000004,234.3
6.20136,45.17967,292.30000000000007
6.21402,45.17869,324.09999999999997
6.2266900000000005,45.17772,311.4999999999999
6.23935,45.17674,320.69999999999993
6.25201,45.17576,325.6999999999999
6.26467,45.17478,277.4
6.277340000000001,45.173790000000004,273.2
6.29,45.17281,282.59999999999997
6.3026599999999995,45.171820000000004,348.0
6.31532,45.17083,303.5
6.32797,45.16984,293.5
6.34063,45.16884,274.7000000000001
6.35329,45.16785,321.40000000000003
6.36595,45.16685,230.39999999999998
6.3786,45.16585,132.9
6.39126,45.16485,263.8999999999999
6.40391,45.16384,225.49999999999997
6.41657,45.16284,210.19999999999996
6.42922,45.16183,201.89999999999995
6.44187,45.16082,220.19999999999996
6.45453,45.15981,219.49999999999994
6.46718,45.15879,276.90000000000003
6.479830000000001,45.157779999999995,209.99999999999991
6.4924800000000005,45.15676,207.69999999999993
6.00999,45.18508,259.9
6.02266,45.18414,307.4
6.03533,45.18319,295.9
6.048,45.18224,254.20000000000002
6.06067,45.181290000000004,259.2
6.07334,45.18034,254.1
6.086,45.179390000000005,267.7000000000001
6.098669999999999,45.17843,281.7999999999999
6.11134,45.17747,345.0
6.124,45.17651,297.9
6.13667,45.17555,208.99999999999991
6.14933,45.17459,221.59999999999997
6.162,45.17362,235.70000000000002
6.17466,45.17265,249.8
6.18732,45.17168,295.7
6.19998,45.17071,362.9
6.21264,45.169740000000004,331.5
6.2253099999999995,45.16876,324.6000000000001
6.23797,45.16778,320.7
6.25063,45.1668,297.5
6.26328,45.165820000000004,278.4999999999999
6.27594,45.164840000000005,267.9
6.2886,45.16385,296.49999999999994
6.30126,45.162859999999995,305.3
6.31391,45.16187,310.3
6.326569999999999,45.16088,293.69999999999993
6.339230000000001,45.159890000000004,265.3
6.35188,45.15889,221.09999999999994
6.36453,45.1579,111.5
6.377190000000001,45.1569,135.99999999999997
6.38984,45.15589,170.39999999999998
6.40249,45.15489,198.0
6.41514,45.153890000000004,193.40000000000003
6.4278,45.152879999999996,168.79999999999995
6.44045,45.15187,196.49999999999997
6.4531,45.150859999999994,193.39999999999995
6.46574,45.149840000000005,234.49999999999997
6.47839,45.14883,227.79999999999995
6.49104,45.14781,204.59999999999994
6.00866,45.176120000000004,288.6
6.021319999999999,45.17518,308.4
6.03399,45.17423,296.69999999999993
6.04666,45.17328,274.7000000000001
6.05932,45.17233,238.29999999999998
6.07199,45.17138,236.0
6.08465,45.170429999999996,275.79999999999995
6.09732,45.169470000000004,342.59999999999997
6.10998,45.16852,319.29999999999995
6.1226400000000005,45.167559999999995,268.19999999999993
6.13531,45.16659,215.20000000000002
6.14797,45.16563,204.40000000000003
6.16063,45.16466,197.79999999999998
6.17329,45.1637,251.99999999999994
6.18595,45.162729999999996,285.19999999999993
6.1986099999999995,45.16175,328.90000000000003
6.21127,45.160779999999995,333.59999999999997
6.22392,45.15981,314.79999999999995
6.23658,45.15883,305.1
6.24924,45.15785,307.90000000000003
6.2619,45.15687,234.99999999999997
6.27455,45.155879999999996,241.1
6.28721,45.1549,251.89999999999995
6.29986,45.153909999999996,262.09999999999997
6.31251,45.15292,264.2
6.32517,45.15193,262.4
6.33782,45.150940000000006,195.49999999999997
6.35047,45.14994,113.60000000000001
6.363119999999999,45.14894,122.49999999999997
6.375769999999999,45.147940000000006,137.40000000000003
6.38842,45.14694,199.39999999999998
6.40107,45.14594,214.69999999999993
6.41372,45.14493,176.89999999999998
6.4263699999999995,45.14393,195.09999999999994
6.439019999999999,45.142920000000004,222.69999999999996
6.45167,45.141909999999996,199.39999999999998
6.46431,45.14089,235.59999999999997
6.47696,45.13988,187.79999999999998
6.4896,45.13886,181.80000000000004
6.00732,45.167159999999996,290.3
6.01999,45.16622,275.5
6.03265,45.16527,304.70000000000005
6.045319999999999,45.16433,266.7
6.057980000000001,45.16338,243.39999999999998
6.07064,45.162420000000004,266.5
6.0833,45.16147,321.4
6.09596,45.16052,317.4
6.108619999999999,45.15956,310.7
6.12129,45.1586,199.10000000000002
6.13394,45.15764,222.50000000000003
6.1466,45.15667,197.1
6.15926,45.15571,202.30000000000004
6.17192,45.154740000000004,269.3
6.18458,45.15377,355.70000000000005
6.19723,45.1528,339.49999999999994
6.209890000000001,45.15183,311.0
6.22254,45.15085,306.4
6.2352,45.14987,285.4
6.24785,45.14889,285.2
6.26051,45.147909999999996,288.4000000000001
6.27316,45.14693,248.8000000000001
6.28581,45.14594,268.90000000000003
6.2984599999999995,45.14496,277.90000000000003
6.31111,45.14397,262.09999999999997
6.32377,45.14298,250.89999999999995
6.3364199999999995,45.14198,155.89999999999998
6.34906,45.14099,111.39999999999999
6.3617099999999995,45.139990000000004,126.2
6.37436,45.13899,246.99999999999994
6.38701,45.13799,279.59999999999997
6.39965,45.136990000000004,185.09999999999997
6.4123,45.135979999999996,169.1
6.42495,45.13498,205.89999999999992
6.43759,45.13397,253.60000000000002
6.45024,45.13296,207.00000000000003
6.46288,45.13194,243.10000000000002
6.4755199999999995,45.13093,215.9
6.48816,45.129909999999995,215.90000000000003
6.00599,45.1582,251.29999999999998
6.01865,45.15726,310.99999999999994
6.0313099999999995,45.15632,303.09999999999997
6.04397,45.15537,286.4
6.05663,45.15442,291.9
6.0692900000000005,45.15347,326.59999999999997
6.08195,45.15251,329.59999999999997
6.094609999999999,45.151559999999996,308.50000000000006
6.10727,45.1506,238.00000000000009
6.11993,45.149640000000005,150.5
6.13258,45.14868,209.19999999999996
6.14524,45.14772,199.39999999999995
6.1579,45.14675,202.40000000000003
6.17055,45.14578,320.1
6.18321,45.14482,341.1
6.19586,45.143840000000004,329.0
6.2085099999999995,45.14287,317.1000000000001
6.22117,45.1419,295.0999999999999
6.23382,45.14092,311.79999999999995
6.2464699999999995,45.13994,301.4999999999999
6.259119999999999,45.13896,209.29999999999998
6.27177,45.13798,207.90000000000003
6.28442,45.136990000000004,213.1
6.29707,45.136,244.09999999999988
6.3097199999999996,45.13501,252.5999999999999
6.32236,45.13402,187.09999999999997
6.33501,45.13303,127.79999999999998
6.347659999999999,45.13204,104.69999999999999
6.3603,45.131040000000006,140.0
6.37295,45.13004,167.19999999999996
6.3855900000000005,45.12904,200.7
6.39824,45.128040000000006,233.59999999999988
6.410880000000001,45.12703,220.2
6.42352,45.12603,268.79999999999995
6.43616,45.12502,182.8
6.44881,45.12401,208.7
6.46145,45.12299,211.10000000000002
6.47409,45.12198,189.49999999999994
6.4867300000000006,45.12096,188.29999999999998
6.49937,45.11995,223.80000000000004
6.004659999999999,45.14925,276.9
6.01732,45.1483,292.3
6.02998,45.14736,324.09999999999997
6.04263,45.146409999999996,322.09999999999997
6.05529,45.14546,330.00000000000006
6.06795,45.14451,327.3999999999999
6.08061,45.14356,383.40000000000003
6.09326,45.1426,342.1
6.105919999999999,45.14164,178.8
6.11857,45.14069,222.6
6.13122,45.139720000000004,192.29999999999995
6.14388,45.13876,175.29999999999998
6.15653,45.1378,270.6
6.16918,45.136829999999996,333.8
6.18184,45.13586,326.9
6.19449,45.134890000000006,308.50000000000006
6.20714,45.13392,269.2
6.21979,45.132940000000005,288.8
6.23244,45.13196,250.09999999999997
6.245080000000001,45.130990000000004,291.40000000000003
6.2577300000000005,45.13001,254.29999999999987
6.27038,45.129020000000004,230.30000000000004
6.28303,45.128040000000006,236.19999999999996
6.295669999999999,45.12705,234.49999999999997
6.30832,45.126059999999995,212.29999999999998
6.3209599999999995,45.12507,130.20000000000002
6.33361,45.12408,122.2
6.34625,45.123090000000005,130.69999999999996
6.35889,45.12209,163.00000000000003
6.37154,45.12109,270.59999999999997
6.384180000000001,45.120090000000005,228.39999999999995
6.39682,45.11909,197.49999999999997
6.40946,45.11808,215.19999999999996
6.4221,45.11708,195.6
6.434740000000001,45.11607,251.59999999999994
6.44738,45.11506,260.69999999999993
6.46002,45.11405,230.4
6.47265,45.11303,236.29999999999995
6.48529,45.11202,219.29999999999993
6.49793,45.111,143.2
6.00333,45.14029,312.0
6.01598,45.139340000000004,309.0
6.02864,45.1384,323.9
6.04129,45.13745,330.00000000000006
6.05395,45.1365,343.3
6.0666,45.13555,384.9999999999999
6.07926,45.1346,352.29999999999995
6.0919099999999995,45.13365,277.70000000000005
6.10456,45.132690000000004,240.29999999999995
6.11721,45.13173,216.29999999999998
6.1298699999999995,45.13077,177.20000000000005
6.142519999999999,45.12981,225.0
6.15517,45.128840000000004,360.7
6.16782,45.12787,343.8
6.18047,45.126909999999995,315.49999999999994
6.19311,45.12594,285.9
6.20576,45.124959999999994,277.29999999999995
6.2184099999999995,45.12399,271.59999999999997
6.23105,45.12301,297.29999999999995
6.2437,45.12203,261.09999999999997
6.25635,45.12105,214.29999999999995
6.2689900000000005,45.12007,195.39999999999992
6.281630000000001,45.11909,238.7999999999999
6.2942800000000005,45.1181,237.29999999999995
6.30692,45.11711,188.3
6.31956,45.11612,137.0
6.3322,45.11513,142.39999999999995
6.3448400000000005,45.114129999999996,173.59999999999997
6.35749,45.11314,237.1
6.37012,45.112140000000004,242.8999999999999
6.38276,45.11114,220.49999999999991
6.3954,45.11014,223.19999999999996
6.40804,45.10913,254.69999999999993
6.42068,45.108129999999996,245.79999999999998
6.43331,45.10712,278.4999999999999
6.44595,45.10611,249.39999999999998
6.45859,45.1051,263.2
6.47122,45.104079999999996,226.89999999999995
6.48385,45.10307,219.5
6.4964900000000005,45.10205,202.79999999999998
6.002,45.13133,323.19999999999993
6.01465,45.130390000000006,331.79999999999995
6.0273,45.12944,333.80000000000007
6.03996,45.1285,330.7
6.05261,45.12755,368.30000000000007
6.065259999999999,45.1266,333.29999999999995
6.07791,45.125640000000004,283.2
6.09056,45.12469,277.19999999999993
6.10321,45.12373,250.10000000000002
6.11586,45.12277,215.89999999999998
6.1285099999999995,45.121809999999996,195.79999999999998
6.14116,45.12085,340.5999999999999
6.1538,45.119890000000005,341.5
6.16645,45.11892,346.2
6.1791,45.11795,303.09999999999997
6.19174,45.11698,287.20000000000005
6.20439,45.116009999999996,287.50000000000006
6.21703,45.11504,271.49999999999994
6.22967,45.114059999999995,265.59999999999997
6.242319999999999,45.11308,262.79999999999995
6.25496,45.1121,245.79999999999995
6.2676,45.11112,222.39999999999995
6.28024,45.11013,207.79999999999998
6.29288,45.10915,158.5
6.30552,45.10816,148.9
6.31816,45.10717,153.3
6.3308,45.10618,165.39999999999998
6.34344,45.10518,246.29999999999995
6.35608,45.10419,317.7999999999999
6.36871,45.103190000000005,252.69999999999996
6.38135,45.10219,266.4
6.3939900000000005,45.10119,223.59999999999994
6.406619999999999,45.100190000000005,232.50000000000003
6.4192599999999995,45.09918,229.5
6.43189,45.09817,222.10000000000002
6.44452,45.097159999999995,228.20000000000005
6.45716,45.09615,203.99999999999997
6.46979,45.09514,228.89999999999998
6.482419999999999,45.094120000000004,230.89999999999998
6.49505,45.0931,174.39999999999998
6.0006699999999995,45.122370000000004,354.2
6.013319999999999,45.12143,343.5
6.02597,45.120490000000004,341.4
6.03862,45.11954,375.8
6.05127,45.118590000000005,379.79999999999995
6.0639199999999995,45.11764,352.1999999999999
6.07656,45.116690000000006,319.7
6.08921,45.11573,275.09999999999997
6.10186,45.114779999999996,256.29999999999995
6.1145,45.113820000000004,227.79999999999995
6.12715,45.11286,239.7999999999999
6.1397900000000005,45.1119,321.49999999999994
6.15244,45.110929999999996,326.9
6.165080000000001,45.109970000000004,336.09999999999997
6.17773,45.109,312.3
6.19037,45.10803,306.6
6.20301,45.10706,293.4
6.21565,45.10608,262.7
6.22829,45.105109999999996,279.5
6.2409300000000005,45.10413,257.5
6.25357,45.10315,207.89999999999998
6.26621,45.10217,237.19999999999996
6.27885,45.10118,214.49999999999994
6.2914900000000005,45.1002,163.40000000000003
6.304130000000001,45.09921,156.6
6.3167599999999995,45.09822,159.5
6.3294,45.097229999999996,207.49999999999997
6.34204,45.09623,301.3
6.35467,45.095240000000004,283.99999999999994
6.3673,45.09424,249.1
6.37994,45.09324,227.39999999999998
6.39257,45.092240000000004,223.39999999999995
6.4052,45.09124,236.79999999999995
6.41783,45.09023,231.59999999999997
6.43047,45.089220000000005,263.9999999999999
6.4431,45.08821,225.89999999999998
6.45573,45.0872,197.19999999999993
6.46835,45.08619,244.79999999999993
6.480980000000001,45.08517,211.60000000000002
6.493609999999999,45.08416,157.29999999999998
6.01198,45.11247,353.30000000000007
6.02463,45.11153,371.49999999999983
6.03728,45.11058,373.79999999999995
6.049930000000001,45.10964,360.99999999999994
6.06257,45.10869,357.80000000000007
6.07522,45.10773,303.2
6.08786,45.10678,290.8
6.10051,45.10582,264.2
6.11315,45.10487,241.80000000000004
6.12579,45.10391,376.0999999999999
6.13844,45.102940000000004,326.09999999999997
6.15108,45.10198,343.70000000000005
6.16372,45.101009999999995,318.29999999999995
6.17636,45.10005,310.79999999999995
6.189,45.09908,290.99999999999994
6.20164,45.0981,247.79999999999998
6.2142800000000005,45.09713,270.0
6.22691,45.09616,247.39999999999998
6.23955,45.09518,243.8999999999999
6.252190000000001,45.0942,230.70000000000002
6.26483,45.09322,222.59999999999997
6.27746,45.09223,211.99999999999994
6.2901,45.09125,177.9
6.30273,45.09026,168.0
6.31537,45.08927,186.49999999999994
6.328,45.08828,186.29999999999995
6.34063,45.08729,263.7
6.35326,45.086290000000005,247.29999999999995
6.36589,45.08529,227.19999999999993
6.3785300000000005,45.08429,281.2
6.39116,45.083290000000005,260.8999999999999
6.40379,45.08229,212.29999999999998
6.41641,45.08128,224.4
6.4290400000000005,45.08028,209.4
6.441669999999999,45.07927,176.49999999999997
6.4543,45.07826,160.79999999999998
6.46692,45.07724,219.69999999999993
6.47955,45.076229999999995,189.49999999999997
6.49217,45.07521,189.39999999999995
6.01065,45.10352,356.1
6.0233,45.10257,361.3
6.03594,45.10163,362.4
6.04859,45.10068,365.99999999999994
6.06123,45.09973,356.79999999999995
6.073869999999999,45.09878,307.70000000000005
6.08651,45.09783,285.2
6.09915,45.09687,263.2
6.1118,45.095909999999996,244.2
6.12444,45.09495,306.09999999999997
6.13708,45.093990000000005,357.5
6.14971,45.09303,364.50000000000006
6.16235,45.09206,305.7
6.17499,45.09109,316.7
6.18763,45.09012,302.0
6.20026,45.08915,274.99999999999994
6.2129,45.08818,259.2
6.2255400000000005,45.0872,281.0
6.238169999999999,45.08623,240.7
6.2508099999999995,45.08525,227.60000000000002
6.26344,45.084270000000004,212.39999999999998
6.27607,45.08328,223.6
6.2887,45.0823,196.0
6.30134,45.081309999999995,189.6
6.313969999999999,45.08032,195.9
6.3266,45.07933,242.79999999999993
6.339230000000001,45.078340000000004,248.7999999999999
6.35186,45.07734,273.7
6.36449,45.07635,270.79999999999995
6.37711,45.07535,287.7
6.38974,45.07435,258.1
6.4023699999999995,45.07334,256.0
6.41499,45.072340000000004,266.49999999999994
6.42762,45.071329999999996,277.9
6.44024,45.07032,234.89999999999995
6.45287,45.069309999999994,199.89999999999998
6.46549,45.0683,181.5
6.47812,45.06728,215.49999999999997
6.49074,45.06627,195.0
6.00932,45.094559999999994,342.30000000000007
6.02196,45.09362,305.79999999999995
6.03461,45.09267,351.79999999999995
6.04725,45.09173,348.29999999999995
6.05989,45.09078,345.3
6.07253,45.08983,329.09999999999997
6.08517,45.08887,292.59999999999997
6.0978,45.087920000000004,276.79999999999995
6.1104400000000005,45.08696,286.59999999999997
6.12308,45.086,368.69999999999993
6.13572,45.08504,341.09999999999997
6.14835,45.08408,338.00000000000006
6.16099,45.08311,321.6000000000001
6.17362,45.08214,302.8
6.18626,45.08117,300.69999999999993
6.1988900000000005,45.0802,307.3
6.211530000000001,45.079229999999995,291.0
6.2241599999999995,45.07825,275.2
6.23679,45.07728,265.5
6.24942,45.0763,234.40000000000003
6.26205,45.07532,226.1
6.27468,45.074329999999996,210.70000000000002
6.28731,45.07335,233.80000000000004
6.29994,45.072359999999996,215.20000000000002
6.31257,45.07137,229.60000000000005
6.3252,45.07038,244.49999999999997
6.33782,45.069390000000006,260.4
6.35045,45.06839,269.3
6.36308,45.0674,276.49999999999994
6.3757,45.0664,287.1
6.388330000000001,45.0654,313.6999999999999
6.40095,45.0644,277.59999999999997
6.41357,45.063390000000005,292.70000000000005
6.4262,45.06238,289.5
6.43882,45.06138,272.79999999999995
6.45144,45.06037,237.3
6.46406,45.05935,175.39999999999998
6.47668,45.05834,204.49999999999994
6.4893,45.057320000000004,217.3
6.00799,45.085609999999996,328.29999999999995
6.020630000000001,45.08467,311.3
6.03327,45.08372,297.5999999999999
6.04591,45.082770000000004,330.59999999999997
6.05855,45.08182,323.19999999999993
6.07118,45.080870000000004,322.8
6.083819999999999,45.07992,299.40000000000003
6.09645,45.078959999999995,289.49999999999994
6.10909,45.07801,356.2
6.12172,45.07705,310.8
6.13436,45.07609,335.19999999999993
6.14699,45.07512,328.4
6.15963,45.07416,315.7
6.17226,45.073190000000004,313.8999999999999
6.18489,45.07222,311.90000000000003
6.19752,45.07125,287.1
6.21015,45.07028,287.7
6.22278,45.0693,283.29999999999995
6.23541,45.068329999999996,255.79999999999995
6.2480400000000005,45.06735,239.5
6.260669999999999,45.06637,234.7
6.27329,45.06538,233.20000000000005
6.28592,45.0644,231.80000000000004
6.29855,45.06341,229.6
6.31117,45.06243,239.89999999999998
6.3238,45.06143,251.29999999999995
6.3364199999999995,45.06044,249.3
6.34905,45.05945,290.59999999999997
6.361669999999999,45.05845,258.0
6.37429,45.05745,289.09999999999997
6.386909999999999,45.05645,316.09999999999997
6.39954,45.05545,302.9
6.41216,45.05445,305.69999999999993
6.42478,45.05344,256.79999999999995
6.4374,45.05243,260.4
6.45001,45.05142,218.70000000000002
6.46263,45.05041,200.59999999999994
6.47525,45.04939,212.29999999999998
6.48787,45.04838,224.6
6.00666,45.07666,331.8999999999999
6.0193,45.07571,316.8
6.03193,45.07477,321.99999999999994
6.044569999999999,45.07382,295.2
6.0572,45.07287,324.59999999999997
6.06984,45.07192,299.7999999999999
6.08247,45.07097,305.09999999999997
6.09511,45.070009999999996,332.9999999999999
6.10774,45.06906,329.29999999999995
6.120369999999999,45.0681,315.9
6.133,45.06714,322.3999999999999
6.145630000000001,45.06617,310.4
6.15826,45.06521,313.29999999999995
6.17089,45.064240000000005,320.5
6.18352,45.06327,291.0
6.19615,45.0623,300.09999999999997
6.20878,45.06133,293.99999999999994
6.2214,45.06035,281.9
6.234030000000001,45.05938,253.2
6.246659999999999,45.0584,225.0
6.25928,45.05742,231.0
6.27191,45.05644,235.0
6.28453,45.05545,225.70000000000002
6.29715,45.05447,229.9
6.30978,45.05348,224.29999999999995
6.3224,45.05249,220.59999999999997
6.33502,45.0515,265.1
6.34764,45.0505,218.49999999999994
6.36026,45.0495,229.59999999999997
6.37288,45.04851,270.3
6.3855,45.047509999999996,299.6
6.39812,45.0465,310.90000000000003
6.4107400000000005,45.0455,296.2
6.42336,45.04449,262.90000000000003
6.435969999999999,45.043490000000006,243.0999999999999
6.44859,45.04248,211.79999999999995
6.4612,45.04146,217.60000000000002
6.47382,45.04045,207.20000000000005
6.48643,45.039429999999996,212.29999999999995
6.49905,45.03842,201.4
6.005330000000001,45.0677,331.0999999999999
6.01797,45.066759999999995,325.5
6.0306,45.06581,311.5
6.04323,45.06487,314.59999999999997
6.05586,45.06392,304.99999999999994
6.0685,45.06297,299.59999999999997
6.08113,45.062020000000004,328.49999999999994
6.09376,45.06106,340.59999999999997
6.10639,45.0601,325.5
6.11902,45.05915,306.70000000000005
6.13164,45.05818,285.79999999999995
6.14427,45.05722,312.1
6.1569,45.056259999999995,310.19999999999993
6.16953,45.05529,304.59999999999997
6.18215,45.054320000000004,309.99999999999994
6.194780000000001,45.05335,289.19999999999993
6.2074,45.05238,279.1
6.22003,45.05141,278.6999999999999
6.23265,45.05043,258.50000000000006
6.24527,45.04945,248.2
6.2579,45.04847,241.7
6.270519999999999,45.04749,235.20000000000005
6.28314,45.0465,219.3
6.29576,45.04552,205.49999999999997
6.3083800000000005,45.04453,212.99999999999997
6.321,45.04354,201.10000000000002
6.33362,45.04255,200.29999999999995
6.34624,45.04155,210.0
6.35886,45.04056,210.50000000000003
6.3714699999999995,45.039559999999994,259.0
6.3840900000000005,45.03856,291.2999999999999
6.39671,45.03756,296.79999999999995
6.40932,45.036559999999994,241.99999999999997
6.42194,45.03555,242.69999999999996
6.43455,45.03454,257.5999999999999
6.44716,45.03353,201.59999999999994
6.45978,45.03252,192.5
6.47239,45.03151,209.80000000000004
6.485,45.03049,209.49999999999994
6.49761,45.02947,185.59999999999997
6.004,45.05875,313.59999999999997
6.01663,45.057809999999996,322.70000000000005
6.02926,45.05686,302.49999999999994
6.04189,45.05592,282.59999999999997
6.05452,45.054970000000004,308.90000000000003
6.06715,45.05402,318.90000000000003
6.07978,45.053059999999995,335.19999999999993
6.09241,45.05211,329.19999999999993
6.10504,45.05115,322.7
6.11766,45.05019,317.2
6.1302900000000005,45.04923,295.19999999999993
6.14291,45.04827,284.0
6.15554,45.047309999999996,293.3999999999999
6.168159999999999,45.04634,282.1
6.18079,45.04537,283.5
6.19341,45.0444,258.2
6.20603,45.04343,239.89999999999998
6.21865,45.04246,254.9999999999999
6.231269999999999,45.04148,254.80000000000004
6.24389,45.0405,232.09999999999997
6.25651,45.03952,214.60000000000002
6.2691300000000005,45.038540000000005,222.7
6.28175,45.03756,200.8
6.29437,45.036570000000005,198.0
6.30699,45.035579999999996,207.40000000000006
6.3196,45.03459,199.10000000000002
6.3322199999999995,45.0336,191.00000000000006
6.3448400000000005,45.03261,209.1
6.35745,45.03161,211.9
6.37006,45.03062,242.2
6.382680000000001,45.02962,276.90000000000003
6.39529,45.02861,270.7
6.4079,45.027609999999996,258.4
6.42052,45.02661,240.59999999999997
6.43313,45.0256,228.00000000000003
6.44574,45.02459,195.4
6.45835,45.023579999999995,212.60000000000005
6.47096,45.02256,215.99999999999997
6.483569999999999,45.02155,201.49999999999994
6.496169999999999,45.02053,173.09999999999994
6.002669999999999,45.0498,322.19999999999993
6.0153,45.04885,297.9
6.0279300000000005,45.047909999999995,291.59999999999997
6.04056,45.04696,295.69999999999993
6.05318,45.04602,278.8
6.06581,45.04507,314.3
6.0784400000000005,45.044109999999996,318.0999999999999
6.09106,45.04316,319.9
6.10369,45.0422,322.9
6.1163099999999995,45.04124,305.69999999999993
6.12893,45.040279999999996,315.09999999999997
6.14155,45.039320000000004,301.80000000000007
6.15418,45.03836,294.3999999999999
6.1668,45.03739,288.5
6.1794199999999995,45.036429999999996,267.2
6.19204,45.03546,228.50000000000003
6.20466,45.03448,225.89999999999998
6.217280000000001,45.03351,210.50000000000003
6.2299,45.03253,250.39999999999992
6.24251,45.03156,202.1
6.25513,45.03058,188.7
6.26775,45.0296,182.9
6.28036,45.02861,178.00000000000006
6.29298,45.02763,195.79999999999998
6.3055900000000005,45.02664,172.2
6.31821,45.02565,153.6
6.33082,45.02466,157.4
6.343430000000001,45.02366,192.69999999999996
6.35605,45.02267,203.9
6.36866,45.02167,209.79999999999998
6.38127,45.02067,240.89999999999998
6.39388,45.01967,272.70000000000005
6.40649,45.01867,221.49999999999997
6.4191,45.01766,251.50000000000003
6.43171,45.016659999999995,223.29999999999995
6.44431,45.01565,223.49999999999997
6.456919999999999,45.01464,199.8
6.469530000000001,45.01362,214.69999999999993
6.482130000000001,45.012609999999995,195.40000000000003
6.49474,45.011590000000005,171.79999999999995
6.00135,45.04084,301.5999999999999
6.01397,45.0399,290.4
6.0266,45.038959999999996,284.0
6.039219999999999,45.03801,278.3999999999999
6.05185,45.03706,293.40000000000003
6.06447,45.03611,298.59999999999997
6.07709,45.03516,300.4
6.08971,45.034209999999995,287.2
6.10234,45.03325,289.19999999999993
6.11496,45.0323,308.4
6.12758,45.03134,319.8999999999999
6.1402,45.03037,313.29999999999995
6.152819999999999,45.02941,295.4
6.165430000000001,45.02844,303.7
6.17805,45.02748,256.8999999999999
6.19067,45.026509999999995,226.1
6.20329,45.02554,226.7
6.2159,45.02456,189.7
6.22852,45.023590000000006,176.99999999999994
6.24113,45.02261,134.09999999999997
6.25375,45.02163,131.89999999999998
6.26636,45.02065,147.6
6.278969999999999,45.01967,108.99999999999997
6.29159,45.018679999999996,116.10000000000002
6.3042,45.01769,126.8
6.31681,45.0167,129.70000000000002
6.32942,45.01571,156.0
6.34203,45.014720000000004,189.3
6.35464,45.01372,214.2999999999999
6.36725,45.01273,216.59999999999997
6.37986,45.01173,242.09999999999997
6.392469999999999,45.01073,189.5
6.405069999999999,45.00972,202.89999999999995
6.417680000000001,45.008720000000004,201.89999999999998
6.430280000000001,45.007709999999996,200.29999999999998
6.44289,45.0067,201.4
6.45549,45.00569,198.39999999999992
6.4681,45.00468,177.7
6.4807,45.00367,199.59999999999997
6.4933,45.00265,162.4
6.00002,45.031890000000004,279.80000000000007
6.01264,45.03095,276.99999999999994
6.02526,45.03001,272.20000000000005
6.03789,45.02906,280.29999999999995
6.05051,45.02811,269.99999999999994
6.06313,45.027159999999995,286.09999999999997
6.07575,45.02621,281.7
6.088369999999999,45.025259999999996,279.99999999999994
6.10099,45.0243,293.9
6.1136,45.02335,317.2
6.12622,45.02239,318.1000000000001
6.13884,45.02143,307.4
6.15146,45.02046,292.40000000000003
6.16407,45.0195,259.00000000000006
6.17669,45.01853,264.8
6.1893,45.017559999999996,236.50000000000003
6.201919999999999,45.01659,169.70000000000002
6.21453,45.01562,158.79999999999998
6.22714,45.01464,130.8
6.23975,45.013659999999994,110.2
6.25237,45.012679999999996,105.80000000000001
6.26498,45.0117,104.79999999999998
6.27759,45.01072,115.5
6.2902,45.00974,105.00000000000003
6.30281,45.00875,107.3
6.31541,45.00776,154.79999999999995
6.3280199999999995,45.00677,165.39999999999998
6.34063,45.00578,160.49999999999997
6.35324,45.00478,241.39999999999995
6.36584,45.00378,245.79999999999998
6.37845,45.002790000000005,212.9
6.39105,45.00178,188.7
6.4036599999999995,45.00078,184.2
6.41626,44.99978,183.7
6.42886,44.99877,152.09999999999997
6.44147,44.99776,187.6
6.45407,44.99675,165.40000000000003
6.46667,44.995740000000005,171.9
6.47927,44.99473,148.09999999999997
6.49187,44.99371,139.1
6.01131,45.022,258.4
6.02393,45.02106,268.1000000000001
6.03655,45.020109999999995,272.2
6.049169999999999,45.01916,268.90000000000003
6.06179,45.01822,260.3999999999999
6.074409999999999,45.01726,273.9
6.08702,45.01631,283.30000000000007
6.09964,45.01536,302.4999999999999
6.11225,45.0144,311.0
6.12487,45.01344,305.4
6.13748,45.01248,294.40000000000003
6.1501,45.011509999999994,292.49999999999994
6.16271,45.01055,263.3
6.17532,45.00958,226.09999999999997
6.187930000000001,45.00861,183.5
6.20055,45.00764,138.4
6.21316,45.00667,145.69999999999996
6.22577,45.00569,128.2
6.23838,45.00472,128.6
6.25098,45.00374,113.3
6.26359,45.002759999999995,118.39999999999999
6.2762,45.00178,123.9
6.28881,45.00079,144.09999999999997
6.30141,44.9998,123.0
6.314019999999999,44.99882,143.29999999999995
6.326630000000001,44.997820000000004,202.59999999999997
6.339230000000001,44.996829999999996,220.09999999999997
6.3518300000000005,44.99584,209.6999999999999
6.36444,44.99484,244.59999999999997
6.37704,44.993840000000006,212.09999999999994
6.38964,44.99284,181.6
6.40224,44.99184,159.90000000000003
6.41484,44.990840000000006,147.6
6.42744,44.98983,142.70000000000002
6.44004,44.988820000000004,125.89999999999999
6.45264,44.987809999999996,126.40000000000003
6.4652400000000005,44.9868,129.49999999999997
6.4778400000000005,44.98579,150.19999999999993
6.49044,44.984770000000005,129.39999999999998
6.0099800000000005,45.01305,249.19999999999993
6.0226,45.01211,258.99999999999994
6.03522,45.01116,258.6
6.04783,45.010220000000004,264.1
6.06045,45.00927,254.29999999999998
6.07306,45.00832,252.79999999999998
6.08568,45.00736,281.0
6.09829,45.006409999999995,270.9
6.1109,45.00545,297.09999999999997
6.12352,45.004490000000004,281.8000000000001
6.1361300000000005,45.00353,269.69999999999993
6.14874,45.00257,262.49999999999994
6.16135,45.0016,213.49999999999997
6.17396,45.000640000000004,180.6
6.18657,44.99967,132.39999999999998
6.19918,44.9987,124.39999999999999
6.21178,44.99772,134.1
6.2243900000000005,44.99675,148.39999999999995
6.237,44.99577,137.89999999999995
6.2496,44.99479,138.1
6.26221,44.993809999999996,156.2
6.2748099999999996,44.99283,169.59999999999997
6.28742,44.99185,176.2
6.30002,44.99086,184.99999999999994
6.31263,44.98987,152.79999999999998
6.32523,44.98888,192.39999999999995
6.33783,44.98789,251.89999999999995
6.35043,44.9869,226.89999999999998
6.36303,44.9859,247.40000000000003
6.37563,44.9849,235.59999999999997
6.38823,44.9839,183.9
6.40083,44.9829,167.2
6.41343,44.98189,132.4
6.42603,44.98089,114.70000000000003
6.438619999999999,44.97988,142.30000000000004
6.451219999999999,44.97887,130.2
6.46381,44.97786,127.9
6.47641,44.97685,113.80000000000003
6.489,44.97583,89.50000000000001
6.00866,45.0041,256.00000000000006
6.0212699999999995,45.00316,266.3999999999999
6.03388,45.00221,249.89999999999995
6.0465,45.00127,258.8
6.0591099999999996,45.00032,249.99999999999994
6.07172,44.99937,228.20000000000002
6.0843300000000005,44.99841,266.69999999999993
6.09694,44.99746,252.29999999999998
6.10955,44.9965,269.7
6.12216,44.995540000000005,276.29999999999995
6.13477,44.99458,279.99999999999994
6.14738,44.99362,231.3
6.1599900000000005,44.99266,195.89999999999998
6.1725900000000005,44.991690000000006,146.60000000000002
6.1852,44.99072,126.70000000000005
6.19781,44.98975,116.3
6.2104099999999995,44.98878,127.30000000000003
6.22302,44.9878,149.8
6.23562,44.98683,152.79999999999995
6.24822,44.98585,158.89999999999998
6.26083,44.98487,161.99999999999997
6.27343,44.98389,171.79999999999995
6.28603,44.9829,225.90000000000003
6.29863,44.98192,251.5
6.31123,44.98093,254.40000000000003
6.32383,44.97994,216.69999999999996
6.33643,44.97895,219.39999999999998
6.34903,44.97795,309.3
6.36163,44.97696,258.29999999999995
6.374219999999999,44.97596,226.30000000000004
6.386819999999999,44.974959999999996,223.09999999999997
6.39942,44.97396,195.9
6.4120099999999995,44.97295,149.40000000000003
6.4246099999999995,44.97195,155.2
6.4372,44.97094,150.00000000000003
6.44979,44.96993,105.30000000000001
6.46239,44.968920000000004,120.19999999999999
6.47498,44.967909999999996,119.4
6.48757,44.96689,76.70000000000003
6.0073300000000005,44.99515,257.59999999999997
6.01994,44.994209999999995,275.1
6.03255,44.99327,259.0
6.04516,44.99232,262.00000000000006
6.05777,44.99137,267.7
6.07038,44.99042,242.79999999999995
6.082990000000001,44.989470000000004,223.09999999999997
6.0956,44.98851,251.59999999999997
6.1082,44.987559999999995,251.9
6.12081,44.9866,223.2
6.13342,44.985640000000004,203.50000000000006
6.14602,44.98468,213.29999999999995
6.1586300000000005,44.983709999999995,156.7
6.17123,44.98274,153.5
6.18383,44.98178,140.20000000000005
6.19644,44.98081,149.90000000000003
6.20904,44.97983,148.20000000000002
6.22164,44.97886,156.9
6.23424,44.97788,187.30000000000004
6.24684,44.97691,159.89999999999998
6.259440000000001,44.97593,174.89999999999998
6.2720400000000005,44.974940000000004,167.0
6.2846400000000004,44.97396,206.9
6.29724,44.972970000000004,301.90000000000003
6.30984,44.971990000000005,250.09999999999997
6.32244,44.971,274.9
6.335030000000001,44.970009999999995,295.79999999999995
6.3476300000000005,44.96901,236.19999999999996
6.36022,44.96802,242.0999999999999
6.37282,44.96702,218.90000000000003
6.38541,44.96602,174.89999999999998
6.398,44.96502,176.79999999999998
6.4106,44.964009999999995,127.90000000000005
6.42319,44.96301,154.5
6.43578,44.962,143.8
6.44837,44.96099,139.80000000000004
6.46096,44.95998,119.99999999999997
6.47355,44.95897,116.6
6.48614,44.95795,86.9
6.49873,44.95694,59.60000000000003
6.006,44.9862,221.5
6.01861,44.98526,255.29999999999998
6.031219999999999,44.984320000000004,253.8
6.043830000000001,44.98337,257.90000000000003
6.056430000000001,44.98242,262.1
6.06904,44.98147,270.2
6.08165,44.98052,241.2000000000001
6.09425,44.97957,211.4
6.10685,44.978609999999996,189.79999999999998
6.11946,44.97765,199.89999999999998
6.13206,44.976690000000005,178.7
6.14466,44.97573,160.39999999999998
6.15727,44.97477,150.5
6.1698699999999995,44.9738,138.00000000000003
6.1824699999999995,44.97283,146.6
6.195069999999999,44.97186,164.8
6.207669999999999,44.970890000000004,182.5
6.220269999999999,44.96992,151.79999999999998
6.23287,44.96894,170.09999999999997
6.24547,44.96796,175.99999999999997
6.2580599999999995,44.96698,142.89999999999998
6.2706599999999995,44.966,146.99999999999997
6.28326,44.96502,216.19999999999993
6.29585,44.96403,264.29999999999995
6.30845,44.96305,250.00000000000003
6.32104,44.96206,245.29999999999995
6.33363,44.961059999999996,262.7999999999999
6.34623,44.96007,234.60000000000005
6.35882,44.95908,261.4
6.37141,44.958079999999995,172.89999999999998
6.384,44.95708,128.29999999999998
6.39659,44.95608,169.09999999999997
6.40918,44.95507,148.5
6.4217699999999995,44.95407,174.0
6.43436,44.95306,162.5
6.44695,44.95205,143.3
6.4595400000000005,44.95104,142.89999999999998
6.472119999999999,44.95003,125.1
6.48471,44.949009999999994,74.60000000000002
6.4972900000000005,44.948,58.000000000000014
6.0046800000000005,44.97726,231.80000000000004
6.01728,44.97631,227.70000000000005
6.02989,44.97537,244.20000000000005
6.04249,44.97442,250.9
6.0551,44.97348,275.0
6.0677,44.97253,266.3
6.0803,44.97157,205.39999999999995
6.0929,44.970620000000004,197.5999999999999
6.10551,44.96966,188.79999999999998
6.11811,44.968709999999994,201.99999999999994
6.13071,44.96775,179.2
6.14331,44.96679,171.59999999999997
6.1559099999999995,44.96582,163.29999999999995
6.1685099999999995,44.964859999999994,146.0
6.1811,44.96389,144.1
6.1937,44.962920000000004,143.1
6.2063,44.96195,150.4
6.2189,44.96097,189.79999999999995
6.23149,44.96,171.09999999999994
6.24409,44.95902,163.99999999999997
6.25668,44.958040000000004,136.99999999999997
6.26928,44.95706,174.0
6.28187,44.95608,200.49999999999991
6.29446,44.955090000000006,186.89999999999995
6.30705,44.9541,234.2
6.31965,44.953109999999995,241.09999999999997
6.3322400000000005,44.95212,196.29999999999993
6.34483,44.95113,256.09999999999997
6.357419999999999,44.950140000000005,216.39999999999998
6.37001,44.94914,174.39999999999998
6.38259,44.94814,137.6
6.39518,44.947140000000005,156.9
6.407769999999999,44.94614,128.00000000000003
6.42036,44.94513,131.10000000000002
6.43294,44.94412,153.20000000000002
6.445530000000001,44.94312,164.99999999999997
6.45811,44.9421,146.29999999999998
6.4707,44.94109,130.6
6.483280000000001,44.94008,85.8
6.4958599999999995,44.93906,51.20000000000001
6.00335,44.968309999999995,227.4
6.01595,44.96737,224.4
6.02856,44.96642,234.29999999999995
6.04116,44.96548,257.1
6.05376,44.964529999999996,262.59999999999997
6.0663599999999995,44.96358,265.8
6.0789599999999995,44.96263,205.69999999999996
6.091559999999999,44.96168,174.0
6.10416,44.96072,183.39999999999998
6.11676,44.959759999999996,171.5
6.12936,44.9588,156.5
6.14195,44.957840000000004,182.49999999999997
6.15455,44.95688,168.0
6.16715,44.955909999999996,158.29999999999998
6.17974,44.95494,129.29999999999998
6.19234,44.95398,120.40000000000003
6.20493,44.953,121.19999999999999
6.2175199999999995,44.95203,141.39999999999998
6.230119999999999,44.95106,179.3
6.24271,44.95008,204.5
6.2553,44.9491,166.09999999999997
6.26789,44.94812,181.2
6.280480000000001,44.947140000000005,197.20000000000002
6.293069999999999,44.94615,185.09999999999994
6.30566,44.945159999999994,159.0
6.31825,44.94417,215.10000000000002
6.33084,44.94318,242.9
6.343430000000001,44.942190000000004,254.7
6.3560099999999995,44.9412,217.79999999999995
6.3686,44.9402,159.39999999999998
6.38119,44.9392,120.2
6.39377,44.9382,149.39999999999995
6.40636,44.9372,148.50000000000003
6.41894,44.93619,104.59999999999998
6.43152,44.935190000000006,152.39999999999998
6.44411,44.93418,162.60000000000002
6.45669,44.933170000000004,168.39999999999998
6.46927,44.93215,109.00000000000001
6.48185,44.93114,76.50000000000003
6.49443,44.93012,53.40000000000001
6.00203,44.95936,210.29999999999998
6.01463,44.958420000000004,229.29999999999993
6.02723,44.95748,240.6
6.03982,44.95653,247.39999999999992
6.05242,44.95558,260.2
6.06502,44.95463,260.9
6.07762,44.95368,241.3
6.0902199999999995,44.952729999999995,194.59999999999994
6.10281,44.95177,172.60000000000002
6.11541,44.95082,160.2
6.128,44.94986,160.8
6.1406,44.9489,176.19999999999996
6.15319,44.94793,165.70000000000002
6.165780000000001,44.94697,179.09999999999997
6.178380000000001,44.946,149.3
6.19097,44.945029999999996,96.5
6.2035599999999995,44.94406,104.1
6.21615,44.943090000000005,136.8
6.22874,44.94211,188.90000000000003
6.2413300000000005,44.941140000000004,208.29999999999998
6.25392,44.94016,154.0
6.26651,44.93918,180.40000000000003
6.2791,44.938190000000006,189.7
6.29168,44.93721,197.69999999999996
6.30427,44.93622,140.70000000000002
6.31686,44.93523,169.39999999999995
6.32944,44.93424,176.19999999999996
6.34203,44.93325,234.79999999999993
6.35461,44.93226,219.09999999999997
6.3672,44.931259999999995,217.5999999999999
6.37978,44.93026,180.49999999999997
6.39236,44.92926,161.59999999999997
6.40494,44.928259999999995,140.70000000000002
6.41752,44.92726,134.1
6.4301,44.92625,138.90000000000003
6.44268,44.92524,147.1
6.45526,44.92423,124.39999999999999
6.46784,44.92322,105.2
6.48042,44.9222,72.00000000000003
6.493,44.92119,50.9
6.0007,44.95042,221.20000000000002
6.0133,44.94948,202.5
6.0259,44.94853,252.20000000000002
6.03849,44.947590000000005,250.0
6.05109,44.94664,242.20000000000005
6.063680000000001,44.94569,241.8
6.076280000000001,44.94474,217.6
6.08887,44.94379,208.8
6.10147,44.94283,169.70000000000002
6.11406,44.94187,163.79999999999995
6.12665,44.940909999999995,188.79999999999995
6.13924,44.93995,197.7
6.15183,44.938990000000004,191.9
6.16442,44.93803,202.70000000000005
6.17701,44.937059999999995,195.29999999999995
6.1896,44.93609,140.4
6.20219,44.93512,117.7
6.21478,44.93415,128.3
6.22737,44.933170000000004,184.89999999999998
6.23996,44.9322,224.7
6.25254,44.93122,209.50000000000003
6.26513,44.930240000000005,186.49999999999997
6.27771,44.92925,181.00000000000003
6.2903,44.92827,207.39999999999995
6.30288,44.927279999999996,217.00000000000003
6.31546,44.9263,185.49999999999994
6.32805,44.9253,171.1
6.34063,44.92431,197.49999999999997
6.35321,44.923320000000004,256.4
6.3657900000000005,44.92232,250.09999999999994
6.378369999999999,44.92132,239.79999999999998
6.39095,44.920320000000004,171.4
6.40353,44.91932,139.2
6.41611,44.91832,144.3
6.4286900000000005,44.91731,142.89999999999998
6.44126,44.9163,128.00000000000003
6.4538400000000005,44.91529,109.3
6.466419999999999,44.91428,86.80000000000003
6.4789900000000005,44.913270000000004,91.1
6.491569999999999,44.91225,50.80000000000002
6.01197,44.940529999999995,233.5
6.02457,44.93959,227.59999999999997
6.03716,44.93864,216.19999999999996
6.04975,44.93769,230.90000000000003
6.06235,44.93675,228.7
6.07494,44.935790000000004,228.89999999999998
6.08753,44.93484,188.99999999999997
6.1001199999999995,44.933890000000005,157.0
6.11271,44.93293,151.1
6.1253,44.93197,164.9
6.1378900000000005,44.93101,225.9
6.15048,44.93005,220.4
6.16306,44.92908,236.80000000000004
6.17565,44.92812,215.5
6.18824,44.92715,189.69999999999993
6.200819999999999,44.92618,157.4
6.21341,44.92521,154.29999999999998
6.226,44.92423,179.4
6.238580000000001,44.92326,204.49999999999997
6.25116,44.92228,210.49999999999991
6.26375,44.9213,198.19999999999996
6.276330000000001,44.92031,200.6
6.28891,44.91933,204.89999999999998
6.30149,44.91834,200.70000000000002
6.31407,44.917359999999995,148.50000000000003
6.32665,44.91637,175.99999999999997
6.339230000000001,44.91537,117.80000000000001
6.3518099999999995,44.91438,162.20000000000002
6.36439,44.91338,237.7999999999999
6.37697,44.91239,258.2
6.38954,44.911390000000004,193.69999999999993
6.40212,44.91039,134.79999999999998
6.41469,44.90938,149.09999999999997
6.42727,44.90838,170.5
6.43984,44.90737,127.39999999999999
6.45242,44.90636,86.20000000000002
6.46499,44.90535,93.19999999999997
6.4775599999999995,44.90433,72.8
6.49014,44.90332,58.9
6.01065,44.93158,245.29999999999998
6.02324,44.930640000000004,237.10000000000002
6.035830000000001,44.9297,212.2
6.04842,44.92875,210.09999999999997
6.06101,44.9278,215.29999999999998
6.0736,44.92685,225.49999999999994
6.08619,44.9259,201.1999999999999
6.09877,44.92494,158.39999999999998
6.1113599999999995,44.92399,146.90000000000003
6.12395,44.92303,202.19999999999996
6.13654,44.92207,199.79999999999998
6.14912,44.92111,239.2
6.16171,44.92014,242.10000000000005
6.17429,44.91918,217.49999999999997
6.18687,44.918209999999995,225.2
6.19946,44.91724,206.99999999999997
6.21204,44.916270000000004,181.79999999999995
6.22462,44.91529,205.39999999999995
6.2372,44.914320000000004,206.6
6.24978,44.913340000000005,208.40000000000003
6.26237,44.91236,171.0
6.27495,44.91138,210.50000000000003
6.28752,44.91039,216.30000000000004
6.3001,44.90941,185.2
6.31268,44.90842,151.5
6.32526,44.90743,129.20000000000002
6.33783,44.90644,139.09999999999997
6.35041,44.905440000000006,115.6
6.36299,44.90445,200.89999999999998
6.37556,44.90345,230.1
6.38813,44.90245,162.39999999999998
6.40071,44.90145,128.79999999999998
6.41328,44.90045,183.89999999999998
6.00932,44.92264,241.99999999999994
6.02191,44.9217,227.70000000000002
6.0345,44.92075,213.6
6.04708,44.91981,211.99999999999994
6.05967,44.918859999999995,209.1999999999999
6.07226,44.91791,211.70000000000002
6.08484,44.916959999999996,209.09999999999994
6.09743,44.916,162.89999999999998
6.11001,44.91505,159.20000000000002
6.1226,44.91409,193.69999999999996
6.13518,44.913129999999995,224.5
6.1477699999999995,44.91217,242.19999999999993
6.16035,44.9112,231.59999999999997
6.17293,44.91024,219.29999999999995
6.18551,44.90927,226.39999999999998
6.1980900000000005,44.9083,223.59999999999997
6.2106699999999995,44.90733,196.89999999999998
6.22325,44.90635,188.09999999999997
6.23583,44.90538,234.39999999999992
6.24841,44.9044,233.89999999999995
6.2609900000000005,44.903420000000004,210.0
6.27356,44.902440000000006,213.29999999999998
6.2861400000000005,44.90145,238.89999999999995
6.29871,44.90047,217.7
6.008,44.9137,226.29999999999995
6.020580000000001,44.91275,222.39999999999998
6.03317,44.911809999999996,218.80000000000004
6.04575,44.91086,209.29999999999995
6.05834,44.90992,194.19999999999996
6.07092,44.908970000000004,212.40000000000012
6.0835,44.90801,203.6
6.09609,44.907059999999994,165.79999999999998
6.10867,44.9061,151.69999999999996
6.12125,44.90515,169.5
6.133830000000001,44.90419,180.69999999999996
6.1464099999999995,44.903220000000005,237.20000000000002
6.15899,44.90226,247.10000000000002
6.17157,44.9013,237.29999999999993
6.18415,44.90033,245.7
6.00667,44.90475,210.4
6.01925,44.90381,216.19999999999996
6.03184,44.90287,223.59999999999994
6.04442,44.901920000000004,224.9
6.057,44.90097,207.79999999999995
6.06958,44.90002,210.70000000000002
