poste_nivo.num_poste;poste_nivo.nom_usuel;poste_nivo.alti;poste_nivo.lat_dg;poste_nivo.lon_dg;hist_reseau_poste.reseau_poste
4006400;La Foux d Allos;1900;44.289833;6.561667;51
4019404;Pra Loup;2100;44.360000;6.584667;51
4073400;LE SAUZE;1980;44.343833;6.695000;51
4193400;Maljasset;1908;44.593000;6.843333;51
5001400;ABRIES RM;2018;44.792833;6.947000;51
5026400;CEILLAC_NIVO;1665;44.671167;6.776167;51
5061400;GAP-BAYARD;1240;44.621500;6.084333;51
5063407;La Grave - La Meije;2420;45.025500;6.288667;51
5063410;LA GRAVE 3200 M;3196;45.006000;6.253000;51
5064403;Les Portes en Valgaudemar;1270;44.810000;6.195333;51
5079400;Le Monetier;2185;44.949833;6.501000;51
5085403;MONTGENEVRE-LE CHALVET;2134;44.938167;6.719500;51
5096402;Orcieres;2130;44.709333;6.316500;51
5098402;LES ORRES FONTAINES;1895;44.481667;6.562833;51
5101400;PELVOUX ST ANTOINE;1270;44.870833;6.487167;51
5110400;PUY ST VINCENT 1600;1680;44.818000;6.485833;51
5114402;REALLON _NIVO;1717;44.580667;6.352833;51
5119402;RISOUL;2050;44.616667;6.644167;51
5133400;Serre Chevalier;1905;44.924500;6.571333;51
5139405;Super_Devoluy;1915;44.665500;5.906667;51
5157400;ST VERAN RM;2140;44.705167;6.867833;51
5177402;VARS;2222;44.561000;6.670333;51
6056400;Estenc;1850;44.239167;6.753000;51
6073405;ISOLA;1912;44.189500;7.149000;51
6094400;Valberg;1630;44.087000;6.941333;51
6120400;Auron;1910;44.215333;6.913500;51
6163400;Val Casterino;1554;44.097500;7.505833;51
9023400;Ascou Pailheres;1500;42.730333;1.954000;51
9029400;Guzet;1384;42.778833;1.300833;51
9032402;Ax Bonascre;1715;42.692333;1.796500;51
9070400;Beille;1789;42.724000;1.690667;51
9135400;Goulier;1468;42.739500;1.513333;51
9140001;LE CHIOULA;1600;42.755000;1.863333;51
9193400;Mijanes;1530;42.726500;2.017000;51
9206400;Mont d Olmes;1472;42.843833;1.744167;51
9231400;Etang de L Hers;1280;42.807167;1.381167;51
9290400;SENTEIN EYLIE HAUT;1000;42.835333;0.934667;51
20007400;Vergio;1420;42.286833;8.891667;51
20023400;ASCO-STAGNU;1434;42.402667;8.922667;51
20031400;Bastelica;1623;41.999333;9.123167;51
20124402;GHISONI-CAPAGHJOLU;1670;42.077000;9.147167;51
25121400;CHAPELLE;1100;46.600000;6.116667;51
25380401;METABIEF_STATION;1036;46.766000;6.359167;51
26059400;FONT D'URLE;1425;44.907167;5.334333;51
31042400;Superbagneres;1763;42.770500;0.576333;51
31085400;Boutx le Mourtis;1456;42.911833;0.768167;51
31221400;Les Agudes;1569;42.786833;0.477667;51
31508400;St Paul d Oueil;1107;42.828333;0.550000;51
38002406;PRAPOUTEL;1355;45.256167;5.995667;51
38006400;Le Collet d Allevard;1642;45.389500;6.123833;51
38020400;AURIS-EN-OISANS;1600;45.057167;6.076333;51
38186400;Gresse en Vercors;1254;44.893167;5.547167;51
38191400;L Alpe d Huez (SATA);1860;45.097667;6.072833;51
38191408;L Alpe d Huez 2350;2340;45.105000;6.097500;51
38205400;Lans en Vercors;1400;45.111500;5.609167;51
38253400;Les 2 Alpes (Toura NE);2550;44.996667;6.171833;51
38253407;Les 2 ALpes Jandri;3200;44.997000;6.204667;51
38264400;L Alpe du Grand Serre;1382;45.020833;5.862500;51
38289401;Olmet;1350;45.128167;6.071667;51
38375400;St Christophe;1570;44.946667;6.188333;51
38375403;La Berarde;1738;44.932667;6.292000;51
38442400;St Pierre de Chartreuse;1700;45.345000;5.846500;51
38527400;VAUJANY-NIVO;1720;45.158833;6.097667;51
38548400;Villard cote 2000;1710;45.024333;5.567667;51
38567407;Chamrousse Niverolles;2022;45.120667;5.895667;51
63236400;PLATEAU CACADOGNE;1664;45.532167;2.820833;51
64040400;ARETTE LA-PIERRE-SAINT-MARTIN;1650;42.978500;-0.748167;51
64316400;Iraty;1327;43.038167;-1.026667;51
64320404;Gourette;1590;42.950333;-0.331667;51
64320405;Artouste;1860;42.901500;-0.388167;51
65017400;Piau;1860;42.782167;0.160000;51
65099400;Val Louron;1460;42.791167;0.388000;51
65138008;REF OULETTES;2151;42.792833;-0.141500;53
65138402;CAUTERETS_LYS;1920;42.879667;-0.158167;51
65188400;GAVARNIE_ESPECIERES;1840;42.729167;-0.031167;51
65295400;Luz Ardiden;1800;42.881000;-0.063833;51
65329400;Nistos;1590;42.943500;0.456167;51
65388406;ST LARY LITA;2085;42.816500;0.254667;51
65481400;Bareges;1740;42.905500;0.130833;51
66004401;Les Angles;2108;42.571667;2.051667;51
66082400;FORMIGUERE;1753;42.623667;2.068333;51
66124402;FONT-ROMEU-GALINERA;2124;42.531833;2.031833;51
66147402;PORTE-PUYMORENS;2087;42.551667;1.789000;51
66188401;ST PIERRE DELS FORCATS;2350;42.462500;2.117000;51
73004400;Les Aillons (Margeriaz);1400;45.642167;6.061167;51
73015400;Meribel Mottaret;1700;45.371667;6.583333;51
73024400;Valmorel;1333;45.461833;6.445167;51
73034400;Areches;1209;45.671333;6.540500;51
73040400;Bessans;1713;45.320667;6.995333;51
73047401;Bonneval sur Arc;1830;45.373667;7.057167;51
73054401;Les Arcs;2040;45.573333;6.826667;51
73123402;LA GIETTAZ;1217;45.878333;6.525833;51
73132400;Les Saisies;1636;45.758333;6.528833;51
73144404;Val Cenis (La Berche);2101;45.274167;6.922333;51
73150400;La Plagne;1980;45.506833;6.678667;51
73157400;Val Frejus;2208;45.155833;6.664833;51
73173400;Les Karellis;1603;45.227667;6.404000;51
73176400;La Rosiere;1867;45.629833;6.848333;51
73194401;Orelle;2356;45.247833;6.571000;51
73206400;Pralognan;1416;45.381667;6.720000;51
73227400;Courchevel;1780;45.413333;6.632167;51
73232400;STE FOY STATION;1524;45.577833;6.895167;51
73235400;ST FRANCOIS LONG;1595;45.417833;6.363500;51
73257400;Les Menuires;1800;45.323333;6.541667;51
73280402;ST SORLIN D'ARVES;2090;45.217167;6.202500;51
73296400;Tignes;2080;45.468333;6.908333;51
73304404;Val d Isere Joseray;1854;45.445000;6.978167;51
73306403;Valloire;2295;45.160833;6.463500;51
73307400;Valmeinier;1788;45.176000;6.493833;51
73318400;Le Corbier;1585;45.243333;6.266667;51
73322401;La Norma;1958;45.188500;6.698833;51
74014400;Flaine;1620;46.003500;6.697333;51
74014402;LES CARROZ KEDEUSAZ;1760;46.027667;6.665667;51
74033400;Bernex;1535;46.341167;6.708167;51
74056400;CHAMONIX-OBS;1025;45.917833;6.866167;51
74056402;LE TOUR NIVO;1478;46.002333;6.947333;51
74056416;Lognan;1970;45.968333;6.942833;51
74056417;LA FLEGERE;1850;45.962500;6.889167;51
74056418;LE TOUR BALME;2196;46.020833;6.970833;51
74056419;PLAN AIGUILLE TMB;2310;45.901167;6.885833;51
74063405;CHATEL NIVO;1700;46.225167;6.797167;51
74080403;LA CLUSAZ;1597;45.893500;6.445667;51
74085406;LES CONTAMINES MONTJOIE;1780;45.791833;6.699833;51
74134400;Les Gets;1530;46.165833;6.659167;51
74136400;Le Grand Bornand;1270;45.972000;6.454167;51
74191406;Avoriaz;1768;46.186167;6.779833;51
74270400;Seythenex;1159;45.713000;6.276333;51
74286400;VACHERESSE AUXI;790;46.315333;6.673333;51
99130005;ANDORRE-LA-VIEILLE;1105;42.511667;1.533333;64
99130007;SALINES;1480;42.610667;1.538000;64
99130401;Pas de la Case (Piste);2135;42.539333;1.733167;64
99130402;PAS DE LA CASE -S-;2360;42.528000;1.729333;64
99130403;Pal;1898;42.537500;1.490000;64
99130404;Pal -S-;2307;42.535333;1.452833;64
99130405;Arcalis Nord;2055;42.628000;1.499667;64
99130406;Arcalis Nord -S-;2105;42.625333;1.495667;64
99130408;Arinsal;1943;42.574000;1.470667;64
99130409;Arinsal -S-;2436;42.569667;1.445333;64
99130411;Soldeu -S-;2448;42.556667;1.655000;64
99130412;Grau Roig;2152;42.530667;1.701000;64
99130413;Grau Roig -S-;2330;42.528667;1.710333;64
99130415;Arinsal Aspres -S-;2400;42.580000;1.470000;64
99130416;Grau Roig Cubil -S-;2341;42.531000;1.685000;64
99130418;OCCASIONNEL AVAL ANDORRE -S-;2000;42.740000;2.875000;64
99130419;ENQUETE AVALANCHE ANDORRE -S-;2000;42.740000;2.875000;64
99130421;SOLDEU_EL TARTER;2460;42.556667;1.655000;64
99130422;LA RABASSA;2035;42.433833;1.524167;64
99130423;LA RABASSA-S-;2145;42.434667;1.536167;64
