num_poste;lons;lats;rr_radar;rr_nivometeo;freq_error;biais;nb_days;rmse;ratio
4006400;6.561667;44.289833;24.3359375;26.925;25.0;-2.5890625000000007;72;8.989701681820426;0.9038416898792944
4019404;6.584666999999999;44.36000000000001;21.09375;22.03333333333333;50.0;-0.9395833333333314;72;10.017501611762619;0.957356278366112
4073400;6.695;44.34383300000001;20.270833333333332;20.76666666666667;33.33333333333333;-0.4958333333333371;72;7.4242809696742125;0.9761235955056178
4193400;6.8433329999999994;44.593;25.110000610351562;22.32;40.0;2.790000610351562;72;6.199299828156149;1.1250000273455
5001400;6.947;44.792833;2.53125;14.4;0.0;-11.86875;72;12.047694929944068;0.17578125
5026400;6.776167;44.671167000000004;22.269642421177455;24.885714285714283;57.14285714285714;-2.6160718645368277;72;7.9763838008614725;0.8948765611265339
5061400;6.084333;44.6215;23.85;28.919999999999995;40.0;-5.069999999999993;72;9.639570140830969;0.8246887966804981
5064403;6.195333000000001;44.80999999999999;25.858593940734863;27.243749999999995;87.5;-1.3851560592651317;72;3.393166979876012;0.9491569237250698
5079400;6.501;44.949833000000005;8.4375;15.016666666666667;0.0;-6.5791666666666675;72;8.225031661539871;0.5618756936736958
5085403;6.719499999999999;44.938167;13.225;17.18;40.0;-3.955;72;5.869630524998997;0.769790454016298
5096402;6.316499999999999;44.70933300000001;18.71484375;23.725;37.5;-5.010156250000001;72;7.885941369872242;0.7888237618545837
5098402;6.562833;44.481667;19.1484375;23.325;25.0;-4.176562499999999;72;9.34297080781188;0.8209405144694534
5101400;6.4871669999999995;44.870833000000005;14.242708206176758;24.216666666666665;25.0;-9.973958460489907;72;13.87467511779022;0.5881366086514835
5110400;6.485833000000001;44.818;19.53125;20.880000000000003;20.0;-1.3487500000000026;72;6.592610091041331;0.9354046934865899
5114402;6.352833;44.580667;28.333333333333332;24.900000000000002;33.33333333333333;3.43333333333333;72;10.942101413043718;1.1378848728246318
5119402;6.6441669999999995;44.616667;20.0;21.35;50.0;-1.3500000000000014;72;3.9033839485759017;0.9367681498829039
5133400;6.571333;44.9245;8.775;18.96;0.0;-10.185;72;11.043960453569182;0.46281645569620256
5139405;5.906667;44.6655;25.325520833333332;28.649999999999995;33.33333333333333;-3.324479166666663;72;10.271253768228794;0.8839623327515999
5157400;6.867833;44.705166999999996;14.25;14.8;100.0;-0.5500000000000007;72;0.5500000000000007;0.9628378378378378
6056400;6.753;44.239167;25.0859375;31.375;75.0;-6.2890625;72;9.050760176119185;0.7995517928286853
6073405;7.148999999999999;44.1895;17.9312498304579;28.77777777777778;22.22222222222222;-10.846527947319878;72;13.017089913716415;0.623093623452205
6120400;6.9135;44.215332999999994;21.089285714285715;28.75714285714286;42.857142857142854;-7.6678571428571445;72;11.31444438696458;0.733358171882762
38006400;6.123833;45.3895;13.058035714285714;19.72142857142857;21.428571428571427;-6.663392857142858;72;8.71097099208808;0.662124230351322
38020400;6.076332999999999;45.057167;18.513392857142858;22.47142857142857;28.57142857142857;-3.958035714285714;72;5.931561409859007;0.8238636363636364
38186400;5.547167;44.893167;7.7;25.920000000000005;0.0;-18.220000000000006;72;22.67090508779921;0.29706790123456783
38191400;6.072833000000002;45.097667;19.48263888888889;25.638888888888886;33.33333333333333;-6.1562499999999964;72;12.255840090317939;0.7598862405200435
38191408;6.0975;45.105;13.9;26.639999999999997;40.0;-12.739999999999997;72;16.57974668081512;0.5217717717717718
38205400;5.609167;45.1115;17.6125;27.380000000000003;0.0;-9.767500000000002;72;10.186892619930772;0.6432615047479912
38253400;6.171833;44.996666999999995;19.508928571428573;17.242857142857144;28.57142857142857;2.266071428571429;72;13.047662454850459;1.1314208782104391
38264400;5.862499999999999;45.020832999999996;14.852678571428571;19.75714285714286;14.285714285714285;-4.904464285714289;72;9.67777536097527;0.7517624728850324
38289401;6.071666999999999;45.128167000000005;21.558035714285715;26.714285714285715;42.857142857142854;-5.15625;72;7.152954637395854;0.8069852941176471
38375400;6.188333;44.946667000000005;22.939423194298378;20.876923076923074;69.23076923076923;2.062500117375304;72;4.508262904420868;1.0987932996532017
38442400;5.8465;45.34499999999999;18.133928571428573;18.52857142857143;14.285714285714285;-0.3946428571428555;72;11.035625649782746;0.9787008481110255
38527400;6.097667;45.15883300000001;20.396875;23.65;50.0;-3.253124999999997;72;7.710984707302305;0.8624471458773786
38548400;5.567667;45.024333;12.288461538461538;26.969230769230766;30.76923076923077;-14.680769230769227;72;31.12378473067725;0.4556474614945808
38567407;5.8956669999999995;45.120667;14.16796875;19.85;37.5;-5.682031250000001;72;8.225712651972016;0.7137515743073047
73004400;6.061166999999998;45.642166999999986;17.097916666666666;24.48;13.333333333333334;-7.382083333333334;72;8.640931692869314;0.698444308278867
73015400;6.583333000000001;45.371666999999995;16.805555555555557;15.600000000000001;44.44444444444444;1.2055555555555557;72;5.426539080195487;1.0772792022792024
73024400;6.445166999999999;45.461832999999984;20.9828126695421;23.488888888888887;55.55555555555556;-2.506076219346788;72;6.023273116069222;0.8933080133674499
73034400;6.540499999999998;45.671333000000004;20.95659722222222;24.68888888888889;33.33333333333333;-3.7322916666666686;72;7.482906011602192;0.8488270702070206
73040400;6.995333000000001;45.32066700000001;17.319791793823242;17.575;41.66666666666667;-0.2552082061767571;72;6.055669447423775;0.9854789071876667
73047401;7.057167;45.373667;9.89375;14.6;20.0;-4.706249999999999;72;7.391323566351293;0.6776541095890412
73054401;6.826667;45.573333;17.214285714285715;25.542857142857144;42.857142857142854;-8.32857142857143;72;10.50039114917698;0.6739373601789709
73132400;6.528833000000001;45.758333;17.0;19.791666666666664;41.66666666666667;-2.7916666666666643;72;5.325185834003041;0.8589473684210527
73144404;6.922333000000001;45.274167;12.416666666666666;14.883333333333335;33.33333333333333;-2.4666666666666686;72;5.04870548589768;0.8342665173572227
73150400;6.678667000000001;45.506833000000015;18.07421875;17.69375;62.5;0.3804687499999986;72;4.5932897303430575;1.0215030024726244
73157400;6.664833000000001;45.155833;13.119791666666666;14.733333333333334;33.33333333333333;-1.6135416666666682;72;4.13099706109191;0.8904835972850678
73173400;6.403999999999998;45.227667;18.41015625;19.9;62.5;-1.4898437499999986;72;2.840459119194026;0.9251334798994976
73176400;6.8483329999999984;45.62983299999999;15.375;19.742105263157896;42.10526315789473;-4.367105263157896;72;8.005372373731609;0.778792322047454
73194401;6.570999999999999;45.24783300000001;6.645833333333333;17.11111111111111;0.0;-10.465277777777779;72;10.74702558979822;0.38839285714285715
73206400;6.72;45.381667;11.46875;20.033333333333335;0.0;-8.564583333333335;72;9.953371759107563;0.5724833610648918
73227400;6.632166999999999;45.413333;15.2375;18.566666666666663;40.0;-3.329166666666662;72;4.6159178845238;0.8206912028725316
73232400;6.895167;45.577833;16.546316964285715;17.74285714285714;57.14285714285714;-1.196540178571425;72;5.809992746311571;0.9325621477455719
73235400;6.363500000000001;45.417832999999995;24.3125;18.79;40.0;5.522500000000001;72;9.364138708391712;1.2939063331559342
73257400;6.541666999999999;45.323333;22.01875;14.52;20.0;7.498750000000001;72;11.219673708490813;1.5164428374655647
73296400;6.908333000000001;45.46833300000001;19.26875;19.419999999999998;50.0;-0.15124999999999744;72;4.6693900163725885;0.9922116374871268
73304404;6.978167;45.44500000000001;19.191964285714285;17.74285714285714;42.857142857142854;1.4491071428571445;72;3.894325370238819;1.0816727053140098
73306403;6.463499999999999;45.160833000000004;17.075;16.06;60.0;1.0150000000000006;72;5.924409253250487;1.0632004981320051
73307400;6.493833;45.175999999999995;16.24375;17.39;20.0;-1.146250000000002;72;7.666614922832632;0.9340856814261068
73318400;6.266666999999999;45.243333;20.865234375;21.650000000000002;37.5;-0.7847656250000021;72;5.267178113867342;0.9637521651270207
73322401;6.6988330000000005;45.18849999999998;17.027083079020183;16.641666666666666;66.66666666666666;0.38541641235351776;72;10.405312164478064;1.0231597243277026
74014400;6.697333;46.00350000000002;19.81171875;21.474999999999998;85.0;-1.6632812499999972;72;3.8793919792805487;0.9225480209545985
74014402;6.665667000000002;46.02766699999998;15.935369318181818;19.040909090909096;36.36363636363637;-3.105539772727278;72;5.924522487770351;0.836901706851277
74033400;6.708167000000002;46.34116699999999;10.769886363636363;16.154545454545453;18.181818181818183;-5.384659090909089;72;6.344308081139274;0.6666783905458639
74056402;6.947333;46.00233300000001;22.38888888888889;22.833333333333332;77.77777777777779;-0.44444444444444287;72;3.946213902801858;0.9805352798053528
74056416;6.942833;45.96833300000001;13.880208333333334;22.05;25.0;-8.169791666666667;72;11.049984092183118;0.6294879062736206
74063405;6.797167;46.22516700000002;13.06875;23.695;15.0;-10.62625;72;14.153817809826084;0.5515404093690652
74134400;6.659166999999997;46.16583300000001;16.17548076923077;25.0;0.0;-8.82451923076923;72;9.634096756442712;0.6470192307692308
74136400;6.4541670000000035;45.97199999999999;21.451939549939386;22.437931034482766;58.620689655172406;-0.9859914845433799;72;5.188165486483027;0.9560569339914584
74191406;6.779832999999997;46.186167;17.341517857142858;22.349999999999998;28.57142857142857;-5.00848214285714;72;8.651069072302567;0.7759068392457655
74270400;6.276333;45.71300000000001;19.125;27.725;25.0;-8.600000000000001;72;10.10027846150788;0.6898106402164111
74286400;6.673333000000002;46.315333;14.815340909090908;21.904545454545453;9.090909090909092;-7.089204545454544;72;7.989277704438392;0.6763592031541814
